"Result","Higher.Rank.","A.","DF.","Rd","X1stIn","X1st.","X2nd.","Surface","Rk","vRk","month","year"
"L","Yes",0.117,0.104,"F",0.442,0.735,0.302,"Hard",8,15,"Aug","2019"
"W","No",0.125,0.021,"SF",0.583,0.857,0.6,"Hard",8,5,"Aug","2019"
"W","Yes",0.029,0.029,"QF",0.6,0.905,0.643,"Hard",8,18,"Aug","2019"
"W","Yes",0.067,0.05,"R16",0.633,0.789,0.545,"Hard",8,22,"Aug","2019"
"W","Yes",0.094,0.132,"R32",0.566,0.667,0.609,"Hard",8,44,"Aug","2019"
"W","Yes",0.132,0.053,"R64",0.632,0.813,0.607,"Hard",8,121,"Aug","2019"
"W","Yes",0.106,0.043,"R128",0.574,0.778,0.6,"Hard",8,87,"Aug","2019"
"L","Yes",0.111,0.111,"F",0.389,0.857,0.273,"Hard",10,27,"Aug","2019"
"W","Yes",0.145,0.092,"SF",0.553,0.81,0.441,"Hard",10,91,"Aug","2019"
"W","No",0.19,0.048,"QF",0.619,0.821,0.458,"Hard",10,2,"Aug","2019"
"W","Yes",0.107,0.036,"R16",0.571,0.781,0.458,"Hard",10,48,"Aug","2019"
"W","Yes",0.036,0.089,"R32",0.589,0.758,0.435,"Hard",10,20,"Aug","2019"
"L","No",0.043,0.021,"F",0.681,0.594,0.467,"Grass",10,7,"Jul","2019"
"W","Yes",0.091,0.023,"SF",0.614,0.889,0.529,"Grass",10,54,"Jul","2019"
"W","Yes",0.207,0.022,"QF",0.576,0.642,0.513,"Grass",10,55,"Jul","2019"
"W","Yes",0.045,0.023,"R16",0.614,0.778,0.471,"Grass",10,31,"Jul","2019"
"W","Yes",0.121,0,"R32",0.707,0.756,0.706,"Grass",10,17,"Jul","2019"
"W","Yes",0.083,0.069,"R64",0.542,0.769,0.515,"Grass",10,133,"Jul","2019"
"W","Yes",0.127,0.036,"R128",0.655,0.694,0.579,"Grass",10,161,"Jul","2019"
"L","Yes",0.156,0.016,"R32",0.641,0.634,0.391,"Clay",10,35,"May","2019"
"W","Yes",0.222,0,"R64",0.733,0.848,0.667,"Clay",10,238,"May","2019"
"W","Yes",0.148,0.049,"R128",0.607,0.757,0.458,"Clay",10,83,"May","2019"
"W","Yes",0.208,0.104,"R64",0.583,0.821,0.6,"Clay",11,64,"May","2019"
"W","Yes",0.134,0.03,"R64",0.537,0.75,0.548,"Hard",10,63,"Mar","2019"
"L","Yes",0.037,0.111,"R32",0.556,0.667,0.167,"Hard",10,20,"Mar","2019"
"W","Yes",0.037,0.084,"R64",0.551,0.661,0.375,"Hard",10,48,"Mar","2019"
"L","No",0.121,0.04,"QF",0.646,0.641,0.457,"Hard",16,8,"Jan","2019"
"W","No",0.101,0.022,"R16",0.596,0.774,0.417,"Hard",16,1,"Jan","2019"
"W","Yes",0.211,0.026,"R32",0.684,0.846,0.5,"Hard",16,57,"Jan","2019"
"W","Yes",0.044,0.022,"R64",0.578,0.808,0.421,"Hard",16,79,"Jan","2019"
"W","Yes",0.061,0,"R128",0.515,0.824,0.875,"Hard",16,73,"Jan","2019"
"L","No",0.055,0.109,"F",0.545,0.633,0.44,"Hard",26,19,"Aug","2018"
"W","No",0.089,0.022,"SF",0.644,0.759,0.5,"Hard",26,18,"Aug","2018"
"W","No",0.181,0.069,"QF",0.667,0.708,0.458,"Hard",26,8,"Aug","2018"
"W","Yes",0.231,0.051,"R16",0.551,0.814,0.543,"Hard",26,44,"Aug","2018"
"W","No",0.189,0.057,"R32",0.642,0.882,0.368,"Hard",26,16,"Aug","2018"
"W","Yes",0.228,0.035,"R64",0.614,0.771,0.455,"Hard",26,101,"Aug","2018"
"W","Yes",0.13,0,"R128",0.543,0.76,0.714,"Hard",26,68,"Aug","2018"
"L","No",0.076,0.054,"R32",0.609,0.679,0.444,"Hard",27,6,"Aug","2018"
"W","No",0.186,0.07,"R64",0.442,0.895,0.667,"Hard",27,23,"Aug","2018"
"L","Yes",0.07,0.163,"R32",0.395,0.529,0.269,"Hard",26,48,"Jul","2018"
"L","No",0.078,0.039,"F",0.745,0.632,0.308,"Grass",181,10,"Jul","2018"
"W","No",0.1,0.04,"SF",0.62,0.871,0.474,"Grass",181,13,"Jul","2018"
"W","No",0.103,0,"QF",0.706,0.813,0.75,"Grass",181,52,"Jul","2018"
"W","No",0.189,0.057,"R16",0.642,0.735,0.474,"Grass",181,120,"Jul","2018"
"W","No",0.171,0.039,"R32",0.658,0.8,0.346,"Grass",181,62,"Jul","2018"
"W","No",0.08,0.08,"R64",0.64,0.844,0.556,"Grass",181,135,"Jul","2018"
"W","No",0.068,0.014,"R128",0.575,0.762,0.452,"Grass",181,105,"Jul","2018"
"W","No",0.055,0.055,"R32",0.636,0.857,0.5,"Clay",451,11,"May","2018"
"W","No",0.117,0.052,"R64",0.649,0.7,0.556,"Clay",451,17,"May","2018"
"W","No",0.14,0.075,"R128",0.559,0.808,0.39,"Clay",451,70,"May","2018"
"L","No",0.055,0.091,"R128",0.527,0.759,0.308,"Hard",491,22,"Mar","2018"
"W","Yes",0.164,0.082,"F",0.607,0.757,0.458,"Hard",2,17,"Jan","2017"
"W","Yes",0.079,0.079,"SF",0.684,0.923,0.333,"Hard",2,79,"Jan","2017"
"W","Yes",0.172,0.034,"QF",0.448,0.885,0.5,"Hard",2,9,"Jan","2017"
"W","Yes",0.067,0.05,"R16",0.45,0.63,0.455,"Hard",2,16,"Jan","2017"
"W","Yes",0.087,0.087,"R32",0.5,0.826,0.565,"Hard",2,92,"Jan","2017"
"W","Yes",0.2,0.08,"R64",0.64,0.833,0.407,"Hard",2,61,"Jan","2017"
"W","Yes",0.143,0.071,"R128",0.607,0.765,0.5,"Hard",2,59,"Jan","2017"
"L","Yes",0.095,0.042,"R16",0.621,0.746,0.472,"Hard",2,72,"Jan","2017"
"W","Yes",0.127,0.063,"R32",0.476,0.8,0.515,"Hard",2,69,"Jan","2017"
"L","Yes",0.076,0.091,"SF",0.53,0.657,0.516,"Hard",1,11,"Aug","2016"
"W","Yes",0.198,0.044,"QF",0.571,0.769,0.513,"Hard",1,5,"Aug","2016"
"W","Yes",0.239,0.043,"R16",0.652,0.933,0.5,"Hard",1,52,"Aug","2016"
"W","Yes",0.128,0.043,"R32",0.596,0.821,0.684,"Hard",1,47,"Aug","2016"
"W","Yes",0.245,0.038,"R64",0.679,0.833,0.471,"Hard",1,87,"Aug","2016"
"W","Yes",0.261,0.022,"R128",0.674,0.903,0.533,"Hard",1,29,"Aug","2016"
"L","Yes",0.077,0.123,"R16",0.631,0.707,0.292,"Hard",1,20,"Aug","2016"
"W","Yes",0.029,0.072,"R32",0.449,0.71,0.421,"Hard",1,48,"Aug","2016"
"W","Yes",0.111,0.079,"R64",0.46,0.724,0.441,"Hard",1,45,"Aug","2016"
"W","Yes",0.197,0.045,"F",0.652,0.884,0.391,"Grass",1,4,"Jun","2016"
"W","Yes",0.355,0,"SF",0.774,0.958,0.714,"Grass",1,50,"Jun","2016"
"W","Yes",0.19,0.086,"QF",0.69,0.9,0.333,"Grass",1,23,"Jun","2016"
"W","Yes",0.25,0.036,"R16",0.679,0.737,0.5,"Grass",1,14,"Jun","2016"
"W","Yes",0.179,0.026,"R32",0.744,0.862,0.5,"Grass",1,43,"Jun","2016"
"W","Yes",0.139,0.059,"R64",0.614,0.742,0.538,"Grass",1,65,"Jun","2016"
"W","Yes",0.073,0.091,"R128",0.6,0.788,0.545,"Grass",1,148,"Jun","2016"
"L","Yes",0.101,0.058,"F",0.493,0.706,0.429,"Clay",1,4,"May","2016"
"W","Yes",0.058,0.023,"SF",0.64,0.618,0.484,"Clay",1,58,"May","2016"
"W","Yes",0.042,0.042,"QF",0.625,0.683,0.472,"Clay",1,60,"May","2016"
"W","Yes",0.14,0.018,"R16",0.509,0.724,0.5,"Clay",1,20,"May","2016"
"W","Yes",0.034,0.022,"R32",0.596,0.717,0.583,"Clay",1,30,"May","2016"
"W","Yes",0.139,0.028,"R64",0.667,0.875,0.5,"Clay",1,81,"May","2016"
"W","Yes",0.129,0.032,"R128",0.774,0.875,0.714,"Clay",1,77,"May","2016"
"W","Yes",0.071,0.036,"F",0.571,0.656,0.458,"Clay",1,24,"May","2016"
"W","Yes",0.066,0.033,"SF",0.59,0.639,0.44,"Clay",1,35,"May","2016"
"W","Yes",0.122,0.073,"QF",0.756,0.806,0.5,"Clay",1,19,"May","2016"
"W","Yes",0.095,0.041,"R16",0.662,0.673,0.48,"Clay",1,56,"May","2016"
"W","Yes",0.143,0.041,"R32",0.633,0.806,0.667,"Clay",1,50,"May","2016"
"L","Yes",0.126,0.087,"R16",0.631,0.6,0.395,"Hard",1,19,"Mar","2016"
"W","Yes",0.123,0.077,"R32",0.554,0.639,0.483,"Hard",1,97,"Mar","2016"
"W","Yes",0.128,0.021,"R64",0.585,0.745,0.462,"Hard",1,56,"Mar","2016"
"L","Yes",0.109,0.091,"F",0.545,0.733,0.44,"Hard",1,15,"Mar","2016"
"W","Yes",0.064,0.077,"SF",0.551,0.674,0.486,"Hard",1,3,"Mar","2016"
"W","Yes",0.14,0.02,"QF",0.66,0.818,0.471,"Hard",1,5,"Mar","2016"
"W","Yes",0.152,0.065,"R16",0.63,0.724,0.471,"Hard",1,70,"Mar","2016"
"W","Yes",0.127,0.036,"R32",0.691,0.763,0.412,"Hard",1,56,"Mar","2016"
"W","Yes",0.078,0.02,"R64",0.549,0.75,0.652,"Hard",1,79,"Mar","2016"
"L","Yes",0.073,0.063,"F",0.531,0.686,0.422,"Hard",1,6,"Jan","2016"
"W","Yes",0.195,0.024,"SF",0.634,0.885,0.467,"Hard",1,4,"Jan","2016"
"W","Yes",0.203,0.047,"QF",0.578,0.73,0.519,"Hard",1,5,"Jan","2016"
"W","Yes",0.071,0.024,"R16",0.571,0.75,0.611,"Hard",1,58,"Jan","2016"
"W","Yes",0.2,0,"R32",0.8,0.958,0.833,"Hard",1,69,"Jan","2016"
"W","Yes",0.135,0.058,"R64",0.519,0.852,0.52,"Hard",1,90,"Jan","2016"
"W","Yes",0.164,0.036,"R128",0.527,0.862,0.654,"Hard",1,36,"Jan","2016"
"W","Yes",0.208,0,"QF",0.667,0.781,0.625,"Hard",1,23,"Aug","2015"
"W","Yes",0.197,0.015,"R16",0.621,0.732,0.68,"Hard",1,19,"Aug","2015"
"W","Yes",0.333,0.056,"R128",0.778,0.929,0.75,"Hard",1,86,"Aug","2015"
"W","Yes",0.192,0.026,"F",0.615,0.833,0.333,"Hard",1,3,"Aug","2015"
"W","Yes",0.143,0.127,"SF",0.603,0.789,0.52,"Hard",1,20,"Aug","2015"
"W","Yes",0.167,0.115,"QF",0.526,0.732,0.459,"Hard",1,9,"Aug","2015"
"W","Yes",0.088,0.029,"R16",0.647,0.864,0.75,"Hard",1,35,"Aug","2015"
"W","Yes",0.234,0.109,"R32",0.672,0.837,0.571,"Hard",1,42,"Aug","2015"
"L","Yes",0.165,0.124,"SF",0.557,0.722,0.419,"Hard",1,20,"Aug","2015"
"W","Yes",0.197,0.033,"QF",0.639,0.769,0.591,"Hard",1,53,"Aug","2015"
"W","Yes",0.2,0.022,"R16",0.556,0.88,0.7,"Hard",1,16,"Aug","2015"
"W","Yes",0.034,0.119,"R32",0.525,0.677,0.571,"Hard",1,26,"Aug","2015"
"W","Yes",0.089,0,"R32",0.644,0.69,0.688,"Clay",1,215,"Jul","2015"
"W","Yes",0.176,0.118,"F",0.544,0.784,0.355,"Grass",1,20,"Jun","2015"
"W","Yes",0.26,0.04,"SF",0.58,0.862,0.571,"Grass",1,4,"Jun","2015"
"W","Yes",0.227,0.04,"QF",0.653,0.796,0.577,"Grass",1,24,"Jun","2015"
"W","Yes",0.208,0,"R16",0.667,0.781,0.625,"Grass",1,16,"Jun","2015"
"W","Yes",0.143,0.044,"R32",0.571,0.75,0.41,"Grass",1,59,"Jun","2015"
"W","Yes",0.261,0.043,"R64",0.609,0.821,0.556,"Grass",1,93,"Jun","2015"
"W","Yes",0.051,0.034,"R128",0.525,0.71,0.643,"Grass",1,113,"Jun","2015"
"W","Yes",0.129,0.106,"F",0.553,0.766,0.447,"Clay",1,13,"May","2015"
"W","Yes",0.091,0,"SF",0.568,0.78,0.474,"Clay",1,24,"May","2015"
"W","Yes",0.2,0.04,"QF",0.58,0.724,0.524,"Clay",1,17,"May","2015"
"W","Yes",0.073,0.042,"R16",0.635,0.672,0.429,"Clay",1,40,"May","2015"
"W","Yes",0.132,0.079,"R32",0.566,0.628,0.545,"Clay",1,27,"May","2015"
"W","Yes",0.087,0.077,"R64",0.635,0.682,0.474,"Clay",1,105,"May","2015"
"W","Yes",0.093,0.093,"R128",0.63,0.794,0.5,"Clay",1,190,"May","2015"
"W","Yes",0.094,0.038,"R32",0.698,0.73,0.5,"Clay",1,39,"May","2015"
"L","Yes",0.081,0.054,"SF",0.581,0.605,0.323,"Clay",1,4,"May","2015"
"W","Yes",0.183,0.05,"QF",0.683,0.756,0.579,"Clay",1,12,"May","2015"
"W","Yes",0.127,0.049,"R16",0.588,0.783,0.476,"Clay",1,31,"May","2015"
"W","Yes",0.045,0,"R32",0.614,0.815,0.647,"Clay",1,38,"May","2015"
"W","Yes",0.132,0.026,"R64",0.526,0.7,0.722,"Clay",1,35,"May","2015"
"W","Yes",0.2,0.029,"F",0.629,0.955,0.615,"Hard",1,12,"Mar","2015"
"W","Yes",0.104,0.026,"SF",0.468,0.806,0.634,"Hard",1,3,"Mar","2015"
"W","Yes",0.049,0.073,"QF",0.488,0.6,0.571,"Hard",1,21,"Mar","2015"
"W","Yes",0.109,0.127,"R16",0.618,0.853,0.667,"Hard",1,29,"Mar","2015"
"W","Yes",0.233,0,"R32",0.567,1,0.846,"Hard",1,211,"Mar","2015"
"W","Yes",0.111,0.032,"R64",0.587,0.703,0.5,"Hard",1,70,"Mar","2015"
"W","Yes",0.117,0.067,"QF",0.583,0.686,0.56,"Hard",1,26,"Mar","2015"
"W","Yes",0.169,0.108,"R16",0.566,0.809,0.583,"Hard",1,42,"Mar","2015"
"W","Yes",0.128,0.077,"R32",0.564,0.682,0.765,"Hard",1,32,"Mar","2015"
"W","Yes",0.153,0.024,"R64",0.541,0.739,0.462,"Hard",1,68,"Mar","2015"
"W","Yes",0.265,0.059,"F",0.647,0.841,0.375,"Hard",1,2,"Jan","2015"
"W","Yes",0.197,0.015,"SF",0.621,0.732,0.68,"Hard",1,35,"Jan","2015"
"W","Yes",0.326,0.065,"QF",0.522,0.833,0.591,"Hard",1,10,"Jan","2015"
"W","Yes",0.2,0.059,"R16",0.576,0.776,0.417,"Hard",1,24,"Jan","2015"
"W","Yes",0.117,0.026,"R32",0.701,0.611,0.478,"Hard",1,26,"Jan","2015"
"W","Yes",0.096,0.038,"R64",0.635,0.697,0.632,"Hard",1,203,"Jan","2015"
"W","Yes",0.229,0.021,"R128",0.583,0.857,0.55,"Hard",1,106,"Jan","2015"
"W","Yes",0.059,0.098,"F",0.588,0.767,0.381,"Hard",1,4,"Oct","2014"
"W","Yes",0.14,0.023,"SF",0.651,0.714,0.467,"Hard",1,8,"Oct","2014"
"W","Yes",0.145,0.079,"R16",0.592,0.689,0.419,"Hard",1,15,"Sep","2014"
"W","Yes",0.057,0.075,"R32",0.585,0.71,0.682,"Hard",1,51,"Sep","2014"
"W","Yes",0.167,0.093,"R64",0.63,0.824,0.3,"Hard",1,70,"Sep","2014"
"W","Yes",0.143,0.061,"F",0.531,0.769,0.522,"Hard",1,11,"Aug","2014"
"W","Yes",0.116,0.023,"SF",0.605,0.769,0.647,"Hard",1,18,"Aug","2014"
"W","Yes",0.125,0.054,"QF",0.571,0.75,0.458,"Hard",1,12,"Aug","2014"
"W","Yes",0.178,0.089,"R16",0.556,0.84,0.45,"Hard",1,50,"Aug","2014"
"W","Yes",0.05,0.05,"R32",0.667,0.725,0.55,"Hard",1,52,"Aug","2014"
"W","Yes",0.093,0.116,"R64",0.558,0.875,0.421,"Hard",1,81,"Aug","2014"
"W","Yes",0.027,0,"R128",0.649,0.875,0.846,"Hard",1,103,"Aug","2014"
"W","Yes",0.218,0.055,"F",0.545,0.8,0.52,"Hard",1,11,"Aug","2014"
"W","Yes",0.1,0.057,"SF",0.586,0.585,0.414,"Hard",1,12,"Aug","2014"
"W","Yes",0.159,0.091,"QF",0.568,0.92,0.474,"Hard",1,9,"Aug","2014"
"W","Yes",0.167,0.063,"R16",0.667,0.688,0.5,"Hard",1,14,"Aug","2014"
"W","Yes",0.141,0.071,"R32",0.529,0.778,0.6,"Hard",1,22,"Aug","2014"
"L","Yes",0.218,0.103,"SF",0.563,0.816,0.368,"Hard",1,26,"Aug","2014"
"W","Yes",0.156,0.073,"QF",0.594,0.702,0.513,"Hard",1,13,"Aug","2014"
"W","Yes",0.162,0.059,"R16",0.559,0.763,0.533,"Hard",1,17,"Aug","2014"
"W","Yes",0.263,0.105,"R32",0.579,0.909,0.625,"Hard",1,21,"Aug","2014"
"W","Yes",0.109,0.036,"F",0.636,0.8,0.6,"Hard",1,8,"Jul","2014"
"W","Yes",0.109,0.018,"SF",0.564,0.839,0.583,"Hard",1,18,"Jul","2014"
"W","Yes",0.109,0.087,"QF",0.467,0.791,0.449,"Hard",1,11,"Jul","2014"
"W","Yes",0.153,0.051,"R16",0.559,0.818,0.615,"Hard",1,45,"Jul","2014"
"L","Yes",0.031,0.071,"R32",0.663,0.677,0.303,"Grass",1,24,"Jun","2014"
"W","Yes",0.216,0,"R64",0.622,0.826,0.643,"Grass",1,94,"Jun","2014"
"W","Yes",0.296,0.037,"R128",0.667,0.778,0.611,"Grass",1,113,"Jun","2014"
"L","Yes",0.065,0.109,"R64",0.674,0.548,0.267,"Clay",1,35,"May","2014"
"W","Yes",0.059,0.059,"R128",0.588,0.775,0.429,"Clay",1,135,"May","2014"
"W","Yes",0.143,0.061,"F",0.653,0.813,0.412,"Clay",1,11,"May","2014"
"W","Yes",0.069,0.042,"SF",0.611,0.773,0.536,"Clay",1,13,"May","2014"
"W","Yes",0.125,0.021,"QF",0.625,0.7,0.667,"Clay",1,43,"May","2014"
"W","Yes",0.058,0.038,"R16",0.615,0.781,0.5,"Clay",1,49,"May","2014"
"W","Yes",0.078,0.098,"R32",0.647,0.758,0.444,"Clay",1,28,"May","2014"
"W","Yes",0.022,0.065,"R16",0.522,0.75,0.364,"Clay",1,14,"May","2014"
"W","Yes",0.229,0.021,"R32",0.688,0.848,0.667,"Clay",1,42,"May","2014"
"W","Yes",0.262,0.071,"R64",0.619,0.885,0.563,"Clay",1,103,"May","2014"
"L","Yes",0.06,0.045,"R32",0.582,0.564,0.429,"Clay",1,78,"Mar","2014"
"W","Yes",0.045,0.076,"F",0.424,0.714,0.579,"Hard",1,2,"Mar","2014"
"W","Yes",0.14,0.035,"SF",0.596,0.676,0.522,"Hard",1,7,"Mar","2014"
"W","Yes",0.159,0.023,"QF",0.682,0.833,0.571,"Hard",1,9,"Mar","2014"
"W","Yes",0.074,0.037,"R16",0.537,0.759,0.68,"Hard",1,104,"Mar","2014"
"W","Yes",0.084,0.074,"R32",0.526,0.74,0.489,"Hard",1,74,"Mar","2014"
"W","Yes",0.212,0.045,"R64",0.606,0.75,0.462,"Hard",1,59,"Mar","2014"
"L","Yes",0.09,0.045,"SF",0.642,0.721,0.375,"Hard",1,26,"Feb","2014"
"W","Yes",0.077,0.058,"QF",0.712,0.676,0.6,"Hard",1,7,"Feb","2014"
"W","Yes",0.107,0.093,"R16",0.587,0.614,0.581,"Hard",1,24,"Feb","2014"
"L","Yes",0.137,0.042,"R16",0.663,0.683,0.406,"Hard",1,14,"Jan","2014"
"W","Yes",0.179,0.036,"R32",0.482,0.741,0.517,"Hard",1,33,"Jan","2014"
"W","Yes",0.2,0.04,"R64",0.66,0.848,0.471,"Hard",1,104,"Jan","2014"
"W","Yes",0.176,0.059,"R128",0.588,1,0.571,"Hard",1,155,"Jan","2014"
"W","Yes",0.169,0,"F",0.61,0.75,0.565,"Hard",1,2,"Dec","2013"
"W","Yes",0.109,0.109,"SF",0.406,0.692,0.395,"Hard",1,4,"Dec","2013"
"W","Yes",0.279,0,"QF",0.581,0.88,0.833,"Hard",1,23,"Dec","2013"
"W","Yes",0.159,0.043,"R16",0.551,0.789,0.516,"Hard",1,43,"Dec","2013"
"W","Yes",0.056,0.037,"F",0.741,0.65,0.357,"Hard",1,5,"Oct","2013"
"W","Yes",0.053,0.021,"SF",0.638,0.683,0.294,"Hard",1,8,"Oct","2013"
"W","Yes",0.186,0.034,"RR",0.61,0.806,0.609,"Hard",1,6,"Oct","2013"
"W","Yes",0.016,0.016,"RR",0.563,0.722,0.5,"Hard",1,4,"Oct","2013"
"W","Yes",0.109,0.022,"RR",0.565,0.885,0.6,"Hard",1,9,"Oct","2013"
"W","Yes",0.097,0.048,"F",0.677,0.738,0.5,"Hard",1,11,"Sep","2013"
"W","Yes",0.083,0.042,"SF",0.708,0.735,0.643,"Hard",1,4,"Sep","2013"
"W","Yes",0.063,0.042,"QF",0.583,0.821,0.5,"Hard",1,8,"Sep","2013"
"W","Yes",0.088,0.029,"R16",0.706,0.729,0.5,"Hard",1,18,"Sep","2013"
"W","Yes",0.12,0.06,"R32",0.578,0.813,0.371,"Hard",1,50,"Sep","2013"
"W","Yes",0.08,0.06,"R64",0.54,0.741,0.565,"Hard",1,24,"Sep","2013"
"W","Yes",0.074,0.019,"SF",0.63,0.765,0.45,"Hard",1,6,"Aug","2013"
"W","Yes",0.114,0.086,"QF",0.743,0.885,0.444,"Hard",1,20,"Aug","2013"
"W","Yes",0.12,0.08,"R16",0.62,0.839,0.579,"Hard",1,16,"Aug","2013"
"W","Yes",0.12,0.02,"R32",0.66,0.848,0.412,"Hard",1,78,"Aug","2013"
"W","Yes",0.089,0.022,"R64",0.644,0.724,0.688,"Hard",1,77,"Aug","2013"
"W","Yes",0.029,0,"R128",0.514,0.722,0.706,"Hard",1,54,"Aug","2013"
"L","Yes",0.078,0.043,"F",0.586,0.618,0.458,"Hard",1,2,"Aug","2013"
"W","Yes",0.016,0.098,"SF",0.672,0.683,0.3,"Hard",1,5,"Aug","2013"
"W","Yes",0.154,0,"QF",0.641,0.76,0.786,"Hard",1,25,"Aug","2013"
"W","Yes",0.14,0,"R16",0.58,0.759,0.571,"Hard",1,32,"Aug","2013"
"W","Yes",0.079,0.034,"R32",0.573,0.706,0.447,"Hard",1,62,"Aug","2013"
"W","Yes",0.089,0.063,"SF",0.557,0.682,0.457,"Hard",1,4,"Aug","2013"
"W","Yes",0.159,0.045,"QF",0.614,0.704,0.529,"Hard",1,42,"Aug","2013"
"W","Yes",0.263,0.026,"R16",0.605,0.826,0.933,"Hard",1,13,"Aug","2013"
"W","Yes",0.1,0.06,"R32",0.58,0.69,0.524,"Hard",1,57,"Aug","2013"
"W","Yes",0.103,0.034,"F",0.586,0.647,0.542,"Clay",1,76,"Jul","2013"
"W","Yes",0.137,0.039,"R16",0.588,0.7,0.476,"Clay",1,104,"Jul","2013"
"W","Yes",0.07,0.07,"R32",0.509,0.759,0.464,"Clay",1,131,"Jul","2013"
"L","Yes",0.082,0.024,"R16",0.624,0.585,0.5,"Grass",1,24,"Jun","2013"
"W","Yes",0.19,0.024,"R32",0.643,0.778,0.533,"Grass",1,84,"Jun","2013"
"W","Yes",0.22,0,"R64",0.707,0.862,0.667,"Grass",1,100,"Jun","2013"
"W","Yes",0.189,0.027,"R128",0.73,0.852,0.7,"Grass",1,92,"Jun","2013"
"W","Yes",0.196,0,"F",0.686,0.771,0.5,"Clay",1,2,"May","2013"
"W","Yes",0.152,0,"SF",0.515,0.824,0.875,"Clay",1,5,"May","2013"
"W","Yes",0.043,0.053,"QF",0.66,0.677,0.375,"Clay",1,39,"May","2013"
"W","Yes",0.1,0.02,"R16",0.62,0.774,0.632,"Clay",1,15,"May","2013"
"W","Yes",0.065,0.043,"R32",0.674,0.71,0.667,"Clay",1,30,"May","2013"
"W","Yes",0.154,0.026,"R64",0.692,0.852,0.75,"Clay",1,114,"May","2013"
"W","Yes",0.242,0.03,"R128",0.727,0.875,0.778,"Clay",1,74,"May","2013"
"W","Yes",0.138,0.052,"F",0.586,0.706,0.458,"Clay",1,3,"May","2013"
"W","Yes",0.094,0.019,"SF",0.547,0.69,0.583,"Clay",1,64,"May","2013"
"W","Yes",0.179,0,"QF",0.692,0.815,0.667,"Clay",1,22,"May","2013"
"W","Yes",0.261,0.022,"R16",0.609,0.857,0.389,"Clay",1,16,"May","2013"
"W","Yes",0.036,0.018,"R32",0.618,0.706,0.571,"Clay",1,39,"May","2013"
"W","Yes",0.061,0.041,"F",0.776,0.737,0.455,"Clay",1,2,"May","2013"
"W","Yes",0.066,0.049,"SF",0.705,0.744,0.5,"Clay",1,7,"May","2013"
"W","Yes",0.041,0.031,"QF",0.67,0.615,0.5,"Clay",1,63,"May","2013"
"W","Yes",0.088,0.029,"R16",0.559,1,0.867,"Clay",1,12,"May","2013"
"W","Yes",0.051,0.017,"R64",0.576,0.735,0.56,"Clay",1,89,"May","2013"
"W","Yes",0.029,0.029,"F",0.652,0.733,0.542,"Clay",1,18,"Apr","2013"
"W","Yes",0.136,0.023,"SF",0.841,0.757,0.286,"Clay",1,24,"Apr","2013"
"W","Yes",0.123,0.031,"QF",0.615,0.775,0.4,"Clay",1,19,"Apr","2013"
"W","Yes",0.098,0.039,"R16",0.706,0.75,0.6,"Clay",1,99,"Apr","2013"
"W","Yes",0.196,0,"R32",0.652,0.833,0.375,"Clay",1,85,"Apr","2013"
"W","Yes",0.068,0.045,"F",0.511,0.644,0.488,"Hard",1,2,"Mar","2013"
"W","Yes",0.255,0.021,"SF",0.638,0.833,0.529,"Hard",1,4,"Mar","2013"
"W","Yes",0.038,0.075,"QF",0.538,0.744,0.541,"Hard",1,5,"Mar","2013"
"W","Yes",0.161,0.057,"R16",0.655,0.684,0.3,"Hard",1,14,"Mar","2013"
"W","Yes",0.127,0.073,"R32",0.673,0.784,0.444,"Hard",1,50,"Mar","2013"
"W","Yes",0.143,0.061,"R64",0.51,0.84,0.458,"Hard",1,103,"Mar","2013"
"L","No",0.103,0.056,"F",0.607,0.692,0.452,"Hard",2,1,"Feb","2013"
"W","Yes",0.102,0.068,"SF",0.61,0.778,0.565,"Hard",2,3,"Feb","2013"
"W","Yes",0.127,0.073,"QF",0.618,0.735,0.405,"Hard",2,8,"Feb","2013"
"W","Yes",0.07,0.023,"R16",0.535,0.696,0.55,"Hard",2,37,"Feb","2013"
"W","Yes",0.058,0.058,"R32",0.519,0.889,0.56,"Hard",2,160,"Feb","2013"
"L","Yes",0.042,0.01,"QF",0.594,0.667,0.513,"Hard",3,25,"Jan","2013"
"W","Yes",0.154,0.026,"R16",0.872,0.824,0.6,"Hard",3,15,"Jan","2013"
"W","Yes",0.188,0.063,"R32",0.667,0.875,0.313,"Hard",3,72,"Jan","2013"
"W","Yes",0.27,0.027,"R64",0.676,0.84,0.667,"Hard",3,112,"Jan","2013"
"W","Yes",0.156,0.063,"R128",0.531,0.941,0.6,"Hard",3,110,"Jan","2013"
"W","Yes",0.225,0.025,"F",0.55,0.909,0.667,"Hard",3,36,"Dec","2012"
"W","Yes",0.085,0.034,"QF",0.644,0.842,0.524,"Hard",3,38,"Dec","2012"
"W","Yes",0.122,0,"R16",0.707,0.793,0.75,"Hard",3,44,"Dec","2012"
"W","Yes",0.102,0.061,"R32",0.612,0.8,0.579,"Hard",3,21,"Dec","2012"
"W","No",0.22,0.08,"F",0.68,0.824,0.563,"Hard",3,2,"Oct","2012"
"W","Yes",0.19,0.095,"SF",0.667,0.786,0.357,"Hard",3,4,"Oct","2012"
"W","No",0.163,0.063,"F",0.538,0.767,0.405,"Hard",4,1,"Aug","2012"
"W","Yes",0.225,0,"SF",0.65,0.923,0.571,"Hard",4,10,"Aug","2012"
"W","Yes",0.245,0.061,"QF",0.592,0.897,0.5,"Hard",4,13,"Aug","2012"
"W","Yes",0.229,0.057,"R16",0.486,0.765,0.722,"Hard",4,82,"Aug","2012"
"W","Yes",0.2,0.025,"R32",0.525,0.857,0.737,"Hard",4,42,"Aug","2012"
"W","Yes",0.18,0.098,"R64",0.59,0.833,0.44,"Hard",4,108,"Aug","2012"
"W","Yes",0.056,0,"R128",0.722,0.654,0.7,"Hard",4,75,"Aug","2012"
"L","Yes",0.087,0.065,"QF",0.478,0.864,0.542,"Hard",4,7,"Aug","2012"
"W","Yes",0,0.06,"R16",0.46,0.652,0.407,"Hard",4,46,"Aug","2012"
"W","Yes",0.141,0.047,"R32",0.625,0.75,0.458,"Hard",4,121,"Aug","2012"
"W","No",0.238,0.048,"F",0.667,0.786,0.643,"Grass",4,3,"Jul","2012"
"W","No",0.356,0,"SF",0.778,0.886,1,"Grass",4,1,"Jul","2012"
"W","Yes",0.143,0.024,"QF",0.643,0.852,0.667,"Grass",4,8,"Jul","2012"
"W","Yes",0.375,0,"R16",0.719,0.826,1,"Grass",4,13,"Jul","2012"
"W","Yes",0.136,0.017,"R32",0.61,0.694,0.565,"Grass",4,45,"Jul","2012"
"W","Yes",0.19,0,"R64",0.762,0.781,0.7,"Grass",4,18,"Jul","2012"
"W","Yes",0.145,0.097,"F",0.677,0.81,0.35,"Hard",4,120,"Jul","2012"
"W","Yes",0.064,0.085,"SF",0.383,0.833,0.69,"Hard",4,43,"Jul","2012"
"W","Yes",0.138,0.052,"QF",0.603,0.686,0.435,"Hard",4,42,"Jul","2012"
"W","Yes",0.156,0.044,"R16",0.6,0.778,0.5,"Hard",4,403,"Jul","2012"
"W","No",0.213,0.05,"F",0.563,0.822,0.486,"Grass",6,3,"Jun","2012"
"W","No",0.338,0,"SF",0.704,0.82,0.524,"Grass",6,2,"Jun","2012"
"W","No",0.213,0,"QF",0.59,0.861,0.56,"Grass",6,4,"Jun","2012"
"W","Yes",0.143,0.036,"R16",0.631,0.755,0.516,"Grass",6,65,"Jun","2012"
"W","Yes",0.235,0.01,"R32",0.673,0.803,0.844,"Grass",6,27,"Jun","2012"
"W","Yes",0.227,0.023,"R64",0.636,0.964,0.625,"Grass",6,98,"Jun","2012"
"W","Yes",0.06,0.02,"R128",0.68,0.647,0.563,"Grass",6,62,"Jun","2012"
"L","Yes",0.063,0.042,"R128",0.526,0.68,0.467,"Clay",5,111,"May","2012"
"W","Yes",0.111,0,"QF",0.611,0.909,0.429,"Clay",6,21,"May","2012"
"W","Yes",0.091,0.023,"R16",0.545,0.708,0.8,"Clay",6,31,"May","2012"
"W","Yes",0.06,0.012,"R32",0.619,0.692,0.594,"Clay",6,30,"May","2012"
"W","Yes",0,0.038,"R64",0.623,0.758,0.6,"Clay",6,46,"May","2012"
"W","No",0.298,0.064,"F",0.489,0.913,0.583,"Clay",9,1,"May","2012"
"W","Yes",0.1,0.02,"SF",0.6,0.833,0.75,"Clay",9,105,"May","2012"
"W","No",0.22,0.06,"QF",0.52,0.808,0.458,"Clay",9,2,"May","2012"
"W","No",0.1,0.017,"R16",0.617,0.784,0.522,"Clay",9,6,"May","2012"
"W","Yes",0.109,0.022,"R32",0.696,0.813,0.571,"Clay",9,25,"May","2012"
"W","Yes",0.359,0.051,"R64",0.718,0.893,0.636,"Clay",9,68,"May","2012"
"W","Yes",0.106,0.021,"F",0.532,0.8,0.636,"Clay",10,26,"Apr","2012"
"W","No",0.159,0.023,"SF",0.523,0.913,0.524,"Clay",10,5,"Apr","2012"
"W","Yes",0,0,"QF",0.5,0.8,0.6,"Clay",10,13,"Apr","2012"
"W","Yes",0.109,0.018,"R16",0.636,0.8,0.5,"Clay",10,45,"Apr","2012"
"W","Yes",0.172,0.047,"R32",0.641,0.732,0.565,"Clay",10,56,"Apr","2012"
"L","No",0.07,0.018,"QF",0.614,0.714,0.455,"Hard",11,6,"Mar","2012"
"W","No",0.267,0.053,"R16",0.52,0.846,0.417,"Hard",11,5,"Mar","2012"
"W","Yes",0.16,0.04,"R32",0.7,0.714,0.533,"Hard",11,20,"Mar","2012"
"W","Yes",0.113,0.019,"R64",0.642,0.794,0.474,"Hard",11,171,"Mar","2012"
"L","Yes",0.15,0.117,"R16",0.517,0.71,0.31,"Hard",12,56,"Jan","2012"
"W","Yes",0.065,0.043,"R32",0.522,0.875,0.545,"Hard",12,92,"Jan","2012"
"W","Yes",0.093,0.023,"R64",0.535,0.783,0.6,"Hard",12,49,"Jan","2012"
"W","Yes",0.235,0.02,"R128",0.667,0.735,0.706,"Hard",12,45,"Jan","2012"
"W","Yes",0.102,0.051,"R16",0.508,0.633,0.517,"Hard",12,76,"Jan","2012"
"W","Yes",0.121,0.052,"R32",0.586,0.706,0.583,"Hard",12,38,"Jan","2012"
"L","No",0.089,0.036,"F",0.518,0.621,0.333,"Hard",27,10,"Aug","2011"
"W","No",0.19,0.069,"SF",0.621,0.778,0.318,"Hard",27,1,"Aug","2011"
"W","No",0.107,0,"QF",0.625,0.829,0.333,"Hard",27,16,"Aug","2011"
"W","No",0.158,0.018,"R16",0.632,0.833,0.476,"Hard",27,19,"Aug","2011"
"W","No",0.174,0.058,"R32",0.493,0.706,0.657,"Hard",27,5,"Aug","2011"
"W","Yes",0.263,0.026,"R64",0.605,0.913,0.533,"Hard",27,183,"Aug","2011"
"W","Yes",0.114,0,"R128",0.514,0.889,0.706,"Hard",27,54,"Aug","2011"
"W","Yes",0.101,0.043,"R64",0.565,0.769,0.567,"Hard",31,49,"Aug","2011"
"W","No",0.188,0.042,"F",0.563,0.889,0.619,"Hard",80,11,"Aug","2011"
"W","No",0.118,0.02,"SF",0.569,0.931,0.364,"Hard",80,4,"Aug","2011"
"W","No",0.101,0.089,"QF",0.595,0.787,0.625,"Hard",80,32,"Aug","2011"
"W","Yes",0.1,0.06,"R16",0.58,0.672,0.571,"Hard",80,82,"Aug","2011"
"W","No",0.045,0.03,"R32",0.591,0.795,0.593,"Hard",80,20,"Aug","2011"
"W","Yes",0.189,0.027,"R64",0.541,1,0.765,"Hard",80,126,"Aug","2011"
"W","No",0.164,0.03,"F",0.776,0.692,0.533,"Hard",169,9,"Jul","2011"
"W","No",0.056,0.056,"SF",0.611,0.818,0.476,"Hard",169,26,"Jul","2011"
"W","No",0.111,0.037,"QF",0.593,0.75,0.5,"Hard",169,5,"Jul","2011"
"W","No",0.175,0.038,"R16",0.625,0.76,0.467,"Hard",169,25,"Jul","2011"
"W","No",0.207,0,"R32",0.586,1,0.583,"Hard",169,105,"Jul","2011"
"L","No",0.111,0.014,"R16",0.681,0.714,0.478,"Grass",25,9,"Jun","2011"
"W","Yes",0.189,0.019,"R32",0.642,0.824,0.579,"Grass",25,27,"Jun","2011"
"W","Yes",0.108,0.031,"R64",0.523,0.882,0.548,"Grass",25,58,"Jun","2011"
"W","Yes",0.163,0.038,"R128",0.613,0.714,0.581,"Grass",25,61,"Jun","2011"
"L","No",0.06,0.053,"R16",0.526,0.614,0.476,"Grass",26,3,"Jun","2011"
"W","Yes",0.092,0.053,"R32",0.553,0.69,0.559,"Grass",26,34,"Jun","2011"
"W","Yes",0.18,0.06,"F",0.66,0.939,0.412,"Grass",1,21,"Jun","2010"
"W","Yes",0.101,0.043,"SF",0.696,0.771,0.476,"Grass",1,62,"Jun","2010"
"W","Yes",0.22,0.02,"QF",0.66,0.848,0.588,"Grass",1,12,"Jun","2010"
"W","Yes",0.257,0.068,"R16",0.676,0.84,0.417,"Grass",1,17,"Jun","2010"
"W","Yes",0.442,0,"R32",0.767,0.939,0.6,"Grass",1,46,"Jun","2010"
"W","Yes",0.176,0.039,"R64",0.627,0.875,0.316,"Grass",1,118,"Jun","2010"
"W","Yes",0.357,0.024,"R128",0.643,1,0.333,"Grass",1,148,"Jun","2010"
"L","Yes",0.116,0.08,"QF",0.634,0.761,0.317,"Clay",1,7,"May","2010"
"W","Yes",0.15,0.025,"R16",0.6,0.75,0.563,"Clay",1,18,"May","2010"
"W","Yes",0.064,0.077,"R32",0.679,0.679,0.4,"Clay",1,29,"May","2010"
"W","Yes",0.068,0,"R64",0.591,0.692,0.722,"Clay",1,77,"May","2010"
"W","Yes",0.139,0.028,"R128",0.611,0.795,0.464,"Clay",1,76,"May","2010"
"L","Yes",0.027,0.027,"R16",0.662,0.612,0.52,"Clay",1,18,"May","2010"
"W","Yes",0.063,0.042,"R32",0.643,0.63,0.431,"Clay",1,43,"May","2010"
"L","Yes",0.045,0.081,"SF",0.532,0.695,0.365,"Clay",1,7,"May","2010"
"W","Yes",0.121,0.017,"QF",0.586,0.676,0.667,"Clay",1,37,"May","2010"
"W","Yes",0.045,0.015,"R16",0.621,0.732,0.52,"Clay",1,49,"May","2010"
"W","Yes",0.085,0.068,"R32",0.627,0.811,0.364,"Clay",1,48,"May","2010"
"W","Yes",0.146,0.024,"SF",0.598,0.857,0.455,"Hard",1,17,"Jan","2010"
"W","Yes",0.167,0.01,"QF",0.5,0.667,0.471,"Hard",1,7,"Jan","2010"
"W","Yes",0.222,0.022,"R16",0.644,0.862,0.813,"Hard",1,13,"Jan","2010"
"W","Yes",0.047,0.016,"R32",0.641,0.756,0.478,"Hard",1,33,"Jan","2010"
"W","Yes",0.16,0.04,"R64",0.66,0.909,0.412,"Hard",1,77,"Jan","2010"
"W","Yes",0.06,0.04,"R128",0.56,0.857,0.455,"Hard",1,72,"Jan","2010"
"L","Yes",0.091,0.03,"F",0.545,0.583,0.3,"Hard",1,5,"Jan","2010"
"W","Yes",0.106,0.048,"SF",0.683,0.718,0.303,"Hard",1,27,"Jan","2010"
"W","Yes",0.154,0.077,"QF",0.615,0.875,0.533,"Hard",1,43,"Jan","2010"
"W","Yes",0.071,0.089,"R16",0.464,0.731,0.6,"Hard",1,25,"Jan","2010"
"W","Yes",0.09,0.025,"F",0.607,0.662,0.417,"Hard",2,7,"Oct","2009"
"W","Yes",0.065,0,"SF",0.645,0.5,0.273,"Hard",2,4,"Oct","2009"
"W","Yes",0.091,0.015,"RR",0.621,0.683,0.48,"Hard",2,5,"Oct","2009"
"W","Yes",0.147,0,"RR",0.56,0.786,0.485,"Hard",2,3,"Oct","2009"
"L","Yes",0.069,0.039,"R16",0.667,0.779,0.471,"Hard",2,17,"Oct","2009"
"W","Yes",0.057,0.019,"R32",0.547,0.759,0.5,"Hard",2,55,"Oct","2009"
"W","Yes",0.097,0.069,"R64",0.528,0.737,0.441,"Hard",2,56,"Oct","2009"
"W","Yes",0.123,0.018,"QF",0.614,0.857,0.545,"Hard",2,10,"Aug","2009"
"W","Yes",0.216,0.027,"R16",0.73,0.852,0.6,"Hard",2,24,"Aug","2009"
"W","Yes",0.125,0.071,"R32",0.643,0.778,0.55,"Hard",2,43,"Aug","2009"
"W","Yes",0.122,0.073,"R64",0.634,0.769,0.667,"Hard",2,51,"Aug","2009"
"W","Yes",0.103,0.026,"R128",0.641,0.76,0.786,"Hard",2,103,"Aug","2009"
"L","Yes",0.016,0.032,"SF",0.597,0.541,0.32,"Hard",2,5,"Aug","2009"
"W","Yes",0.171,0,"QF",0.707,0.828,1,"Hard",2,46,"Aug","2009"
"W","Yes",0.063,0.063,"R16",0.583,0.786,0.55,"Hard",2,33,"Aug","2009"
"W","Yes",0.122,0.02,"R32",0.49,0.833,0.72,"Hard",2,61,"Aug","2009"
"L","Yes",0.027,0.055,"R16",0.534,0.718,0.441,"Hard",2,29,"Aug","2009"
"W","Yes",0.255,0.039,"R32",0.608,0.903,0.55,"Hard",2,67,"Aug","2009"
"L","Yes",0.143,0.071,"QF",0.629,0.818,0.308,"Hard",2,20,"Jul","2009"
"W","Yes",0.115,0.034,"R16",0.632,0.745,0.531,"Hard",2,56,"Jul","2009"
"W","Yes",0.045,0.106,"R32",0.455,0.767,0.556,"Hard",2,18,"Jul","2009"
"W","Yes",0.222,0,"F",0.611,0.939,0.714,"Grass",2,3,"Jun","2009"
"W","Yes",0.163,0.041,"SF",0.569,0.8,0.472,"Grass",2,4,"Jun","2009"
"W","Yes",0.173,0,"QF",0.462,0.792,0.643,"Grass",2,8,"Jun","2009"
"W","Yes",0.171,0.024,"R16",0.537,0.909,0.579,"Grass",2,32,"Jun","2009"
"W","Yes",0.189,0.057,"R32",0.623,0.848,0.4,"Grass",2,53,"Jun","2009"
"W","Yes",0.2,0.044,"R128",0.778,0.829,0.7,"Grass",2,154,"Jun","2009"
"L","Yes",0.084,0.042,"QF",0.605,0.708,0.319,"Clay",2,7,"May","2009"
"W","Yes",0.022,0,"R16",0.63,0.621,0.765,"Clay",2,24,"May","2009"
"W","Yes",0.052,0.041,"R32",0.67,0.662,0.563,"Clay",2,43,"May","2009"
"W","Yes",0.024,0,"R64",0.69,0.724,0.769,"Clay",2,133,"May","2009"
"L","Yes",0.031,0.063,"R64",0.594,0.737,0.538,"Clay",2,45,"May","2009"
"L","Yes",0.057,0.043,"R32",0.571,0.625,0.333,"Clay",2,20,"May","2009"
"L","Yes",0.041,0.102,"F",0.49,0.667,0.28,"Hard",1,10,"Mar","2009"
"W","Yes",0.092,0.053,"SF",0.566,0.674,0.485,"Hard",1,6,"Mar","2009"
"W","Yes",0.01,0.062,"QF",0.546,0.755,0.523,"Hard",1,40,"Mar","2009"
"W","Yes",0.049,0.049,"R16",0.592,0.607,0.548,"Hard",1,17,"Mar","2009"
"W","Yes",0.151,0.113,"R32",0.717,0.711,0.267,"Hard",1,34,"Mar","2009"
"W","Yes",0.024,0,"R64",0.643,0.667,0.6,"Hard",1,124,"Mar","2009"
"L","Yes",0.069,0.069,"SF",0.549,0.714,0.391,"Hard",1,6,"Feb","2009"
"W","Yes",0.034,0.069,"QF",0.707,0.756,0.412,"Hard",1,8,"Feb","2009"
"W","Yes",0.095,0.048,"R16",0.603,0.632,0.64,"Hard",1,20,"Feb","2009"
"W","Yes",0.113,0.088,"R32",0.575,0.739,0.294,"Hard",1,32,"Feb","2009"
"W","Yes",0.136,0.068,"QF",0.659,0.862,0.6,"Carpet",1,134,"Feb","2009"
"W","Yes",0.135,0.027,"R16",0.622,1,0.429,"Carpet",1,145,"Feb","2009"
"W","Yes",0.108,0,"F",0.568,0.952,0.625,"Hard",2,3,"Jan","2009"
"W","Yes",0.143,0,"SF",0.529,0.784,0.455,"Hard",2,4,"Jan","2009"
"W","Yes",0.054,0.043,"QF",0.591,0.691,0.5,"Hard",2,8,"Jan","2009"
"W","Yes",0.029,0.059,"R16",0.559,0.632,0.467,"Hard",2,14,"Jan","2009"
"W","Yes",0.172,0.017,"R32",0.586,0.676,0.542,"Hard",2,41,"Jan","2009"
"W","Yes",0.136,0.017,"R64",0.644,0.868,0.381,"Hard",2,45,"Jan","2009"
"W","Yes",0.058,0.077,"R128",0.615,0.844,0.55,"Hard",2,123,"Jan","2009"
"L","Yes",0.017,0.05,"SF",0.667,0.475,0.4,"Hard",2,4,"Jan","2009"
"W","Yes",0.069,0.039,"QF",0.608,0.758,0.3,"Hard",2,12,"Jan","2009"
"W","Yes",0.196,0.022,"R16",0.848,0.795,0.571,"Hard",2,38,"Jan","2009"
"W","Yes",0.073,0.057,"R32",0.618,0.724,0.362,"Hard",2,46,"Jan","2009"
"L","Yes",0.136,0.015,"RR",0.667,0.75,0.227,"Hard",3,8,"Nov","2008"
"W","No",0.077,0.038,"RR",0.596,0.742,0.524,"Hard",3,2,"Nov","2008"
"L","Yes",0.048,0.032,"R16",0.726,0.689,0.353,"Hard",1,30,"Sep","2008"
"W","No",0.041,0.041,"F",0.616,0.6,0.536,"Hard",3,2,"Aug","2008"
"W","Yes",0.048,0.081,"SF",0.597,0.649,0.48,"Hard",3,7,"Aug","2008"
"W","Yes",0.069,0.049,"QF",0.667,0.662,0.5,"Hard",3,8,"Aug","2008"
"W","Yes",0.095,0,"R16",0.69,0.897,0.538,"Hard",3,121,"Aug","2008"
"W","Yes",0.068,0.017,"R32",0.712,0.786,0.412,"Hard",3,32,"Aug","2008"
"W","Yes",0.022,0.111,"R64",0.444,0.55,0.2,"Hard",3,71,"Aug","2008"
"W","Yes",0.158,0,"R128",0.632,0.917,0.786,"Hard",3,46,"Aug","2008"
"L","Yes",0.059,0.029,"SF",0.588,0.6,0.357,"Hard",5,85,"Jul","2008"
"W","Yes",0.074,0.093,"QF",0.667,0.75,0.444,"Hard",5,13,"Jul","2008"
"W","Yes",0.159,0.011,"R16",0.636,0.643,0.375,"Hard",5,226,"Jul","2008"
"L","Yes",0.136,0.015,"F",0.667,0.75,0.227,"Grass",6,7,"Jun","2008"
"W","Yes",0.233,0,"SF",0.65,0.872,0.524,"Grass",6,133,"Jun","2008"
"W","Yes",0.268,0.024,"QF",0.756,0.839,0.4,"Grass",6,11,"Jun","2008"
"W","Yes",0.107,0,"R16",0.714,0.8,0.375,"Grass",6,69,"Jun","2008"
"W","Yes",0.029,0.071,"R32",0.771,0.63,0.375,"Grass",6,33,"Jun","2008"
"W","Yes",0.133,0.05,"R64",0.583,0.857,0.32,"Grass",6,190,"Jun","2008"
"W","Yes",0.1,0.014,"R128",0.557,0.821,0.581,"Grass",6,36,"Jun","2008"
"L","Yes",0.089,0.036,"R32",0.607,0.647,0.545,"Clay",5,24,"May","2008"
"W","Yes",0.073,0.037,"R64",0.598,0.592,0.515,"Clay",5,129,"May","2008"
"W","Yes",0.167,0.05,"R128",0.567,0.765,0.462,"Clay",5,61,"May","2008"
"W","Yes",0.1,0.033,"R16",0.617,0.757,0.391,"Clay",6,60,"May","2008"
"W","Yes",0.089,0.054,"R32",0.536,0.7,0.615,"Clay",6,24,"May","2008"
"L","Yes",0.043,0.074,"QF",0.543,0.667,0.419,"Clay",6,17,"May","2008"
"W","Yes",0.023,0,"R16",0.568,0.76,0.579,"Clay",6,15,"May","2008"
"W","Yes",0.161,0.018,"R32",0.554,0.806,0.64,"Clay",6,20,"May","2008"
"W","Yes",0.133,0.027,"F",0.693,0.788,0.478,"Clay",9,17,"Apr","2008"
"W","Yes",0.075,0,"SF",0.612,0.756,0.423,"Clay",9,40,"Apr","2008"
"W","No",0.116,0.021,"QF",0.653,0.694,0.515,"Clay",9,4,"Apr","2008"
"W","Yes",0.11,0.03,"R16",0.58,0.707,0.524,"Clay",9,31,"Apr","2008"
"W","Yes",0.077,0.062,"R32",0.631,0.61,0.5,"Clay",9,48,"Apr","2008"
"W","No",0.136,0.068,"F",0.591,0.692,0.333,"Hard",8,3,"Mar","2008"
"W","No",0.121,0.028,"SF",0.598,0.656,0.465,"Hard",8,4,"Mar","2008"
"W","No",0.02,0.078,"QF",0.529,0.704,0.5,"Hard",8,1,"Mar","2008"
"W","Yes",0.129,0.086,"R16",0.586,0.732,0.379,"Hard",8,61,"Mar","2008"
"W","Yes",0.106,0.048,"R32",0.538,0.661,0.438,"Hard",8,28,"Mar","2008"
"W","Yes",0.103,0.051,"R64",0.641,0.92,0.643,"Hard",8,62,"Mar","2008"
"W","No",0.056,0.056,"SF",0.6,0.733,0.34,"Hard",11,7,"Mar","2008"
"L","No",0.051,0.063,"QF",0.595,0.553,0.25,"Hard",7,4,"Jan","2008"
"W","Yes",0.136,0.03,"R16",0.485,0.875,0.5,"Hard",7,12,"Jan","2008"
"W","Yes",0.254,0.034,"R32",0.644,0.895,0.476,"Hard",7,25,"Jan","2008"
"W","Yes",0.085,0.085,"R64",0.511,0.833,0.435,"Hard",7,121,"Jan","2008"
"L","Yes",0,0.133,"RR",0.633,0.632,0.273,"Hard",5,7,"Nov","2007"
"L","Yes",0,0.038,"R32",0.385,0.1,0.25,"Hard",6,17,"Oct","2007"
"L","Yes",0.089,0.038,"F",0.557,0.591,0.2,"Hard",7,14,"Oct","2007"
"W","No",0.103,0.015,"SF",0.588,0.7,0.643,"Hard",7,2,"Oct","2007"
"W","Yes",0.141,0.051,"QF",0.577,0.8,0.424,"Hard",7,13,"Oct","2007"
"W","Yes",0.09,0.045,"R16",0.612,0.585,0.423,"Hard",7,130,"Oct","2007"
"L","No",0.07,0.053,"QF",0.561,0.656,0.28,"Hard",7,2,"Oct","2007"
"W","Yes",0.175,0,"R16",0.614,0.743,0.318,"Hard",7,41,"Oct","2007"
"W","Yes",0.086,0.057,"R32",0.514,0.889,0.588,"Hard",7,140,"Oct","2007"
"L","No",0.056,0.014,"QF",0.556,0.575,0.563,"Hard",9,1,"Aug","2007"
"W","Yes",0.167,0.017,"R16",0.733,0.75,0.438,"Hard",9,10,"Aug","2007"
"W","Yes",0.041,0.052,"R32",0.598,0.638,0.564,"Hard",9,28,"Aug","2007"
"W","Yes",0.14,0,"R64",0.64,0.813,0.667,"Hard",9,76,"Aug","2007"
"W","Yes",0.111,0.048,"R128",0.635,0.85,0.478,"Hard",9,67,"Aug","2007"
"L","No",0.103,0,"QF",0.628,0.673,0.517,"Grass",8,1,"Jun","2007"
"W","Yes",0.155,0.036,"R16",0.548,0.783,0.605,"Grass",8,12,"Jun","2007"
"W","Yes",0.182,0,"R32",0.667,0.818,0.636,"Grass",8,56,"Jun","2007"
"W","Yes",0.133,0.013,"R64",0.64,0.667,0.593,"Grass",8,75,"Jun","2007"
"L","No",0.05,0.033,"QF",0.7,0.595,0.5,"Clay",8,1,"May","2007"
"W","Yes",0.08,0.04,"R16",0.6,0.633,0.55,"Clay",8,11,"May","2007"
"W","Yes",0.065,0.032,"R32",0.597,0.73,0.56,"Clay",8,40,"May","2007"
"W","Yes",0.078,0.02,"R64",0.686,0.8,0.5,"Clay",8,69,"May","2007"
"W","Yes",0.038,0.026,"R128",0.577,0.578,0.455,"Clay",8,91,"May","2007"
"L","Yes",0.065,0.032,"QF",0.645,0.683,0.485,"Clay",11,17,"May","2007"
"W","Yes",0.029,0.043,"R16",0.493,0.559,0.514,"Clay",11,15,"May","2007"
"W","Yes",0.076,0.045,"R32",0.652,0.767,0.391,"Clay",11,39,"May","2007"
"L","Yes",0,0.143,"R32",0.429,0.667,0.5,"Clay",11,92,"Apr","2007"
"W","No",0.029,0.039,"F",0.621,0.5,0.538,"Hard",18,1,"Mar","2007"
"W","No",0.106,0,"SF",0.742,0.816,0.471,"Hard",18,16,"Mar","2007"
"W","No",0.125,0.054,"QF",0.518,0.862,0.556,"Hard",18,8,"Mar","2007"
"W","No",0.047,0.023,"R16",0.605,0.808,0.588,"Hard",18,2,"Mar","2007"
"W","Yes",0.113,0.097,"R32",0.581,0.806,0.462,"Hard",18,26,"Mar","2007"
"W","Yes",0.128,0,"R64",0.596,0.714,0.684,"Hard",18,82,"Mar","2007"
"W","No",0.143,0.041,"F",0.673,0.788,0.625,"Hard",81,2,"Jan","2007"
"W","No",0.125,0.038,"SF",0.55,0.682,0.417,"Hard",81,12,"Jan","2007"
"W","No",0.107,0.029,"QF",0.583,0.7,0.488,"Hard",81,17,"Jan","2007"
"W","No",0.114,0.057,"R16",0.629,0.705,0.462,"Hard",81,11,"Jan","2007"
"W","No",0.12,0.065,"R32",0.609,0.643,0.389,"Hard",81,6,"Jan","2007"
"W","Yes",0.1,0.029,"R64",0.6,0.762,0.5,"Hard",81,159,"Jan","2007"
"W","No",0.182,0.055,"R128",0.473,0.885,0.517,"Hard",81,32,"Jan","2007"
"L","No",0.04,0.04,"QF",0.634,0.516,0.405,"Hard",94,56,"Jan","2007"
"W","No",0.093,0.056,"R16",0.579,0.645,0.467,"Hard",94,74,"Jan","2007"
"W","No",0.071,0.071,"R32",0.554,0.774,0.36,"Hard",94,60,"Jan","2007"
"L","No",0.106,0.045,"R16",0.697,0.696,0.4,"Hard",91,1,"Aug","2006"
"W","No",0.055,0.055,"R32",0.564,0.806,0.5,"Hard",91,17,"Aug","2006"
"W","No",0.148,0.033,"R64",0.623,0.711,0.652,"Hard",91,18,"Aug","2006"
"L","No",0.034,0.034,"SF",0.603,0.571,0.522,"Hard",110,28,"Aug","2006"
"W","No",0.138,0.011,"QF",0.644,0.768,0.548,"Hard",110,77,"Aug","2006"
"W","No",0.123,0.074,"R16",0.58,0.766,0.382,"Hard",110,17,"Aug","2006"
"W","No",0.14,0.02,"R32",0.62,0.774,0.421,"Hard",110,102,"Aug","2006"
"W","No",0.125,0.016,"R64",0.516,0.758,0.452,"Hard",110,21,"Aug","2006"
"L","No",0.034,0.068,"SF",0.475,0.571,0.29,"Hard",139,50,"Jul","2006"
"W","No",0.122,0.061,"QF",0.592,0.793,0.55,"Hard",139,56,"Jul","2006"
"W","No",0.098,0.078,"R16",0.569,0.793,0.455,"Hard",139,105,"Jul","2006"
"W","No",0.106,0.021,"R32",0.617,0.828,0.611,"Hard",139,11,"Jul","2006"
"L","Yes",0.06,0.048,"R32",0.655,0.673,0.31,"Hard",15,17,"Jan","2006"
"W","Yes",0.147,0.118,"R64",0.618,0.81,0.615,"Hard",15,130,"Jan","2006"
"W","Yes",0.073,0.046,"R128",0.523,0.807,0.404,"Hard",15,52,"Jan","2006"
"L","Yes",0.073,0.073,"R16",0.61,0.64,0.375,"Hard",8,10,"Aug","2005"
"W","Yes",0.07,0.018,"R32",0.684,0.718,0.556,"Hard",8,26,"Aug","2005"
"W","Yes",0.041,0.02,"R64",0.673,0.758,0.625,"Hard",8,69,"Aug","2005"
"W","Yes",0.02,0.041,"R128",0.531,0.808,0.478,"Hard",8,261,"Aug","2005"
"L","Yes",0.047,0.031,"R32",0.578,0.568,0.37,"Grass",4,85,"Jun","2005"
"W","Yes",0.13,0.029,"R64",0.725,0.76,0.526,"Grass",4,124,"Jun","2005"
"W","Yes",0.085,0.028,"R128",0.575,0.738,0.511,"Grass",4,104,"Jun","2005"
"W","No",0.143,0.06,"F",0.595,0.76,0.471,"Hard",7,1,"Jan","2005"
"W","No",0.054,0.036,"SF",0.607,0.662,0.477,"Hard",7,4,"Jan","2005"
"W","No",0.1,0,"QF",0.72,0.667,0.857,"Hard",7,2,"Jan","2005"
"W","Yes",0.068,0.068,"R16",0.527,0.641,0.514,"Hard",7,13,"Jan","2005"
"W","Yes",0.226,0.038,"R32",0.547,0.931,0.5,"Hard",7,166,"Jan","2005"
"W","Yes",0.136,0.023,"R64",0.705,0.839,0.615,"Hard",7,67,"Jan","2005"
"W","Yes",0.081,0.081,"R128",0.486,0.889,0.474,"Hard",7,106,"Jan","2005"
"L","No",0.054,0.032,"QF",0.613,0.596,0.639,"Hard",11,8,"Aug","2004"
"W","Yes",0.214,0.018,"R16",0.554,0.806,0.6,"Hard",11,16,"Aug","2004"
"W","Yes",0.091,0.045,"R32",0.606,0.725,0.385,"Hard",11,31,"Aug","2004"
"W","Yes",0.14,0.088,"R64",0.491,0.857,0.379,"Hard",11,86,"Aug","2004"
"W","Yes",0.156,0.044,"R128",0.644,0.828,0.625,"Hard",11,84,"Aug","2004"
"L","Yes",0.056,0.019,"F",0.611,0.606,0.429,"Grass",10,15,"Jun","2004"
"W","No",0.077,0.034,"SF",0.641,0.68,0.524,"Grass",10,4,"Jun","2004"
"W","No",0.077,0.077,"QF",0.641,0.76,0.571,"Grass",10,7,"Jun","2004"
"W","Yes",0.261,0,"R16",0.674,0.742,0.533,"Grass",10,54,"Jun","2004"
"W","Yes",0.256,0.023,"R32",0.674,0.931,0.429,"Grass",10,53,"Jun","2004"
"W","Yes",0.074,0.019,"R64",0.593,0.719,0.545,"Grass",10,135,"Jun","2004"
"W","Yes",0.103,0,"R128",0.586,0.706,0.708,"Grass",10,52,"Jun","2004"
"L","No",0.054,0.032,"QF",0.613,0.596,0.639,"Clay",7,6,"May","2004"
"W","Yes",0.022,0.044,"R16",0.711,0.781,0.308,"Clay",7,52,"May","2004"
"W","Yes",0.037,0.037,"R64",0.61,0.64,0.594,"Clay",7,100,"May","2004"
"W","Yes",0.059,0.04,"F",0.594,0.717,0.341,"Grass",1,4,"Jun","2003"
"W","Yes",0.06,0.04,"SF",0.66,0.727,0.471,"Grass",1,3,"Jun","2003"
"W","Yes",0.074,0.021,"QF",0.628,0.746,0.371,"Grass",1,7,"Jun","2003"
"W","Yes",0.136,0.023,"R16",0.773,0.765,0.6,"Grass",1,16,"Jun","2003"
"W","Yes",0.163,0,"R32",0.674,0.862,0.571,"Grass",1,30,"Jun","2003"
"W","Yes",0.039,0,"R64",0.745,0.763,0.538,"Grass",1,65,"Jun","2003"
"W","Yes",0.133,0.044,"R128",0.533,0.792,0.714,"Grass",1,67,"Jun","2003"
"L","Yes",0.009,0.047,"SF",0.561,0.533,0.426,"Clay",1,4,"May","2003"
"W","Yes",0.085,0.021,"QF",0.532,0.76,0.545,"Clay",1,5,"May","2003"
"W","Yes",0,0.075,"R16",0.582,0.692,0.536,"Clay",1,15,"May","2003"
"W","Yes",0.083,0.056,"R32",0.611,0.818,0.643,"Clay",1,51,"May","2003"
"W","Yes",0.047,0.047,"R64",0.547,0.743,0.517,"Clay",1,39,"May","2003"
"W","Yes",0.073,0,"R128",0.585,0.708,0.588,"Clay",1,87,"May","2003"
